,REF,NOX,ATP
b3447,9.948369985,9.5931288947,9.8398005803
b0693,5.6002277187,8.4781238497,7.4680086733
b4392,11.75151774,11.71041853,11.82668671
b0002,13.8476750867,14.04923429,13.90248647
b2874,8.0697865723,9.1679838983,8.49316634
b2724,2.4803507983,2.637074807,2.8873454733
b4260,11.0807677867,11.0854291167,10.99009641
b3114,6.187059422,7.1452387627,6.986581924
b2169,10.78036391,10.20940944,9.8991417007
b3224,3.6688145947,4.4557159773,5.4458471697
b3063,8.5879432817,9.823277994,9.7715672443
b2168,10.7112775933,10.2725955267,9.9496118907
b4152,4.690223784,4.9372106083,4.8264055447
b3575,8.273266183,10.4926738913,9.9973826433
b0572,8.6689376177,9.5122256483,8.9375419477
b4301,8.5797277893,9.756748761,9.2108520783
b0008,12.96915,13.0258947033,12.8453205633
b0494,11.8731329233,12.0136212733,12.3694469767
b2261,10.9402605633,11.07219909,11.2845818567
b2676,6.1665276447,7.658726877,6.705579352
b3182,7.3985193727,7.6761228973,7.9920686037
b4177,11.5978649133,11.3304716567,11.3616176833
b1263,12.0177673067,12.1384627267,11.9849897967
b0431,12.9791222733,13.26714487,13.2894821333
b3860,11.9899727733,11.7421087,11.62070761
b3620,11.9971901133,11.92942983,12.0868068933
b3544,13.6032317167,13.7011301333,13.56166007
b0825,8.1340162407,8.8261197573,8.4115443607
b3409,9.3510406087,9.6730630467,9.5899546703
b0452,10.4925348567,10.22419999,10.63153417
b0078,10.1601431643,9.9760469347,10.0979027573
b2288,11.9725089533,12.14761622,11.5506712467
b2997,8.5575885553,9.448718161,9.30086976
b0514,5.410212169,5.4690651747,5.80475958
b2751,12.4510019167,12.64015479,12.5380746867
b3222,9.4883312113,10.232500313,9.9137610657
b2482,5.7751878653,8.3145923613,7.6212006347
b3431,11.2662699633,11.2698103733,11.6019481233
b2320,10.9539966633,10.8116967833,11.01312043
b3546,8.194835357,8.2809480717,8.2644165533
b1186,9.1500177033,9.179252337,9.038204461
b0902,11.08616007,10.64533443,10.630736365
b3806,11.91022206,11.8759578233,12.0361638433
b0484,8.9447153463,9.037342251,9.513475223
b2036,11.90303811,11.0874504927,10.449326454
b0809,11.4617761567,11.5711219667,11.6097955567
b0832,10.3075088633,10.3383500733,10.2871672167
b1126,11.1500855967,11.09242761,10.77247572
b0428,11.4771065467,11.5341720867,11.7505491067
b1693,8.7123935623,8.2377097233,8.606448273
b0086,10.69571935,10.4224318933,10.205547723
b2097,11.3310711733,10.2123848473,11.2138025633
b0336,11.11827657,11.1865838133,10.7673299633
b4268,8.1423797653,8.9467454657,8.9193898647
b1912,8.396359353,8.1305532893,7.9707303613
b3734,13.2649510367,13.66028937,15.0065565933
b3479,2.687051469,2.7448405823,3.233122919
b1901,8.7600014547,9.4822997187,9.0656708443
b2687,12.1351820667,11.3097942667,11.7512202933
b2530,12.3960250333,12.2210176567,12.30461945
b0639,10.75794703,10.6671882533,10.79078383
b2378,10.84827016,10.7575986833,10.3916840243
b0485,9.755593476,8.6505561797,9.9746054773
b0586,4.6800962723,6.204951324,6.2585292797
b1677,15.2430760867,14.3276670567,14.0877186367
b3927,10.4688727333,10.5818734633,10.3808253867
b1281,10.0445759367,9.638810629,9.5837816967
b0755,14.2927198633,13.8111590367,14.01969884
b3924,9.924230959,9.4734741253,9.372809975
b1262,12.4873461667,12.62410649,12.0765146667
b0612,3.9980053393,5.7049503273,5.7804051373
b1858,8.7648332057,8.3054830033,8.251710229
b2762,9.4237830043,8.6259392337,8.4586015473
b4291,9.2713027997,10.1573205487,10.0702461977
b2615,4.2322235247,7.1868878093,4.575212107
b3747,9.7868546387,9.9501687583,9.8519881523
b0090,10.232304746,9.8098371263,9.805011491
b0862,11.7703624767,11.85844612,11.7364088767
b3737,13.49390176,13.58304312,13.0995855533
b2541,5.6311482263,6.8894836667,6.9320304533
b2975,8.277716415,9.0384353103,8.441704503
b1189,9.4805218993,9.2605590853,9.6834594323
b0945,8.0593453987,7.2772286813,7.2036730427
b3451,7.486668792,7.934730556,7.9382629257
b4238,8.778488443,9.093015005,8.916694956
b0087,10.9103714367,10.9180791433,10.8115275133
b4055,10.3857661063,11.0806211067,10.6104541343
b0032,12.8629087133,13.0302604633,12.5023437467
b2478,12.3287919333,12.1607406633,12.05358226
b2901,10.4134347933,10.4906659267,10.7929440333
b2867,6.2443079833,7.7749351017,7.3954268403
b2574,10.0998278857,10.2732673433,10.3046668593
b2947,11.0900946,11.1874271967,11.3441697233
b4132,5.647981752,7.7658446377,6.8365893047
b1467,6.9855555523,7.207537835,7.285573011
b4053,10.84287044,11.0964013867,11.0838250633
b2051,6.3272384243,8.144845222,7.6752123947
b3824,9.508104004,10.15275752,10.1152647777
b0341,7.239486678,9.1853653557,8.6291718193
b4035,11.8754952,11.6839416667,11.51417635
b1896,10.4762546127,9.045227538,10.0506593287
b2487,7.6736572563,8.9628856913,8.5339471373
b2661,9.153193386,9.1189128413,9.2412483373
b0774,8.7880410483,8.8079047287,8.8096825053
b3452,9.676037233,10.0372317757,10.1309328907
b0521,7.3229364433,8.7740822997,8.3272927803
b1587,6.1996110027,7.8141848467,6.7540040023
b1744,7.8926532617,8.618326644,8.3977507807
b3502,8.929446352,10.3886454153,9.675191566
b2199,4.4016756007,4.753982548,4.7261807497
b2282,11.3646416767,11.7416257733,11.6853905767
b3579,6.2121512427,7.9129969503,7.1198665917
b2599,11.3094026067,11.09783362,11.0379679833
b4042,10.51257879,10.53565697,10.33661314
b0061,7.007047888,8.5352936497,8.1619970993
b3359,11.79811432,11.7621411933,11.8367468167
b0182,10.140123918,9.903718235,9.9132865463
b4323,8.253286551,8.868045251,8.376237353
b3008,10.90240685,10.8578320033,10.77983098
b0727,12.9935917967,13.5482204867,13.40663083
b3360,7.5719222027,7.696531688,7.759813733
b0120,11.4952132067,11.103730813,11.0173135233
b4151,8.7824406263,9.406626521,9.3709106757
b2276,11.6386673767,11.9697927233,11.76076183
b1329,10.5110961133,10.3506482033,10.3527202133
b1702,11.4640023167,11.7976127833,11.3843570267
b3540,10.65517375,10.6678829467,10.7271603833
b2019,12.9414688967,12.7778898833,12.2800908033
b4382,11.1062156467,10.90911263,11.1589977767
b3626,10.046953579,9.9265720007,9.5212041457
b3624,8.5750091037,8.8656830063,8.182604651
b2994,9.498906894,9.703624192,9.61276911
b1801,4.8178622097,5.57389293,6.3068678147
b2243,6.122163739,8.4008024883,7.3296458403
b3666,9.4258618273,9.6347062823,8.373931528
b2422,11.1240494337,10.94012364,10.7289066317
b1589,5.5290906937,6.9178364613,6.732927396
b2720,7.0739056347,8.9778843863,8.6057794773
b2025,11.1906683567,11.00003131,10.7772547367
b2551,12.5179406233,12.57546614,12.1246382167
b1224,7.634081573,8.9275008043,8.2847695427
b4138,9.082203543,9.0661476193,9.348071703
b0589,7.15629915,8.334234029,7.686329885
b2508,11.93184901,11.95474534,12.18293132
b1859,8.9618678077,9.5522241267,9.2379158033
b0505,7.7566416103,7.804999412,8.3566309973
b0194,11.3889896033,11.4671823167,11.2198381733
b0997,6.832373666,7.9349028293,8.059387973
b3786,9.3217790097,9.157849463,9.251441719
b2205,6.3966737683,7.6615572323,7.3697988317
b2515,12.3331339533,12.22284257,12.04641794
b1493,11.6459221267,8.279150722,11.5653835933
b0585,7.676222216,9.7472505543,9.132776699
b3117,8.5518423247,9.9206460203,9.4303117467
b0576,9.1345995573,9.1740402853,9.4784527003
b0185,11.4626312333,11.1143705433,11.0843175167
b2701,9.462399916,9.3000855987,9.3722223527
b2440,10.0102359703,10.4828299433,10.5508568813
b2037,10.175826373,9.8181545313,9.21719438
b0684,10.7060305763,10.183666275,10.488206667
b1539,10.6739735703,10.1647388087,10.405821177
b0155,9.2137784637,9.1529604627,9.4209191653
b2344,9.5726074913,9.4358069203,9.3342996923
b1308,10.3087529337,9.45053236,9.370838387
b1622,9.871057045,9.9562921497,10.1311664173
b3432,12.08524095,12.2200304733,12.3731350967
b3772,9.5394186013,9.6497914417,9.4870217167
b4384,11.7702542567,11.56243923,11.70840548
b0475,9.0502889867,9.222630142,9.0801753387
b3904,6.8179820133,9.5732478133,8.1424809103
b3730,11.6063046167,11.3091251833,11.0313457957
b4033,10.9700018633,11.2349167533,11.0998715
b2722,7.5200696773,9.0379570873,8.0965451213
b3918,9.134672965,9.7049910057,9.032788462
b3092,9.8807182303,10.492697562,10.255103103
b3605,7.5992241003,8.038120622,8.1712161303
b2424,10.96208916,11.1537220367,10.8739013667
b1745,3.5083871823,3.9796581117,4.618864983
b0175,9.952244214,9.7739893767,9.7338796683
b1528,8.2654087527,8.4019145623,8.5925795033
b0937,5.1328650767,7.6528956833,7.013118754
b4079,8.0729235713,9.0681574733,8.3496887577
b2677,8.261919973,9.1658502917,9.4144544287
b4198,8.1346954793,9.546139913,8.930600528
b0758,11.1915983067,10.86159206,10.7059694433
b1098,10.5869535713,10.45542816,10.6739607967
b2943,9.1676512887,9.336620907,9.5721456303
b4036,10.53192229,10.7904708767,10.4616601633
b1533,11.36784152,11.2088390233,11.0495350633
b0030,7.70810378,9.316701943,8.1882512937
b1276,11.4229482167,11.04601354,11.1080008167
b1476,6.1847830903,7.368458103,7.2673974977
b1605,7.8273272943,8.702236957,8.4055058543
b4025,12.4791659233,12.1190829333,12.50667982
b1640,9.2093637197,9.1113544153,9.144385799
b2280,12.1021827267,12.4986633167,12.35092273
b1198,11.1980717133,11.0846520933,11.0388855733
b3892,9.220530553,9.4974103443,9.230550944
b3749,12.4211038033,12.3103158233,11.8403645967
b4395,9.222136102,9.3396461453,9.2987483677
b0831,9.5107365397,9.5052694397,9.397238644
b0062,7.158261328,8.4556253947,8.14072964
b2021,12.0603085167,11.8415522067,11.8138319
b2890,11.92316627,12.08922165,11.6476736967
b0350,6.2327914403,8.2698897393,7.825991945
b0573,9.5115007637,9.671166556,9.0917419317
b0617,4.660271592,6.3278653483,6.265101827
b3708,10.2208677303,11.0786528033,10.336634232
b2965,10.0629036013,10.2440777933,10.2154304097
b3433,13.3824923967,13.6528625767,13.10573428
b2708,8.3690853377,8.698993169,8.659777732
b3040,9.932954001,9.8584837857,10.0693127517
b0526,10.4322832733,10.4809771567,10.4774968033
b0158,10.5908383167,11.0010326767,10.8694291833
b3619,12.6005296833,12.4474779267,12.62178527
b3567,7.9067000713,9.8275626287,8.1994081967
b4084,8.3072405267,10.2506612693,9.0753148443
b0888,11.8851163933,11.6336440733,11.6575702233
b4032,9.7081071237,10.4086607567,10.058754874
b1298,10.0572623827,9.282412956,9.5527472043
b3455,9.7177545283,9.8216764133,9.0990500117
b2341,10.237577763,10.4759850733,10.1490681293
b0004,12.57132988,12.7929295133,12.4466773367
b2705,6.979686722,8.4593431333,7.706708808
b4356,6.7140344723,8.7298872057,8.110427689
b2421,10.3970600757,9.9864405417,9.869410894
b2202,7.4651564247,7.9004681207,7.59656123
b1238,10.46261772,10.2747739167,10.278425169
b4194,9.1007155917,9.625283224,9.5305577007
b4073,8.8899476753,9.7080985193,9.379703289
b4069,10.0359058117,10.6525727703,9.973663863
b0340,5.1995850743,6.4256558693,6.58780429
b4288,7.4081568923,8.7330192437,8.5861220207
b3894,5.735242794,6.282972423,6.139275604
b0635,9.6510767583,9.5834450573,9.6258497433
b3265,9.4932509857,10.6356419433,10.1548200967
b0323,7.634955472,9.4780942343,8.4960745177
b0243,10.8544548667,10.61327358,10.7768313667
b2747,9.267478648,9.1117647477,9.1613969767
b3940,10.096525108,10.0701477327,10.0367129307
b2585,11.44876162,11.07163431,11.3151159667
b0099,7.0127720843,7.3084930273,6.918642564
b2032,11.5061362367,10.9218355067,10.5042354813
b2323,12.68701371,12.2971337667,12.5687170833
b1232,11.4762245467,11.1644773933,11.40944547
b4086,6.288597859,7.3347432,7.552204671
b2436,8.3257431477,9.073055513,9.4394240427
b1748,8.4075387923,8.1815605077,7.6277968853
b1873,8.3893680663,9.3979338103,9.0307588127
b1377,6.9262842143,8.9292818677,8.0352602237
b2937,2.3594809757,2.2259378967,2.334830044
b3429,11.6352161333,11.59178548,11.75705951
b0698,5.4188825057,11.1709324447,6.66649185
b1468,6.3445290987,6.3453449917,6.4583564243
b1746,8.954507591,9.663677005,8.407266403
b2393,2.3594809757,2.2259378967,2.30021512
b2935,13.0882010733,13.2813437033,13.09742929
b2750,11.4233382867,11.2927667667,11.1207932433
b1623,9.134378996,9.7113618827,9.680491773
b3018,11.5640160933,11.5992840933,11.5899333733
b0933,8.967250889,9.6972347027,9.1801466403
b2411,9.9895247157,9.867155207,9.8112607153
b3939,9.9709222857,9.9824912137,9.9196869697
b0036,9.1999045587,10.513739755,9.9675013583
b1193,10.2616987853,10.0750001097,10.3679480167
b2200,7.0154241937,7.6155083047,7.6860403167
b2895,11.0294501167,10.99422989,11.2459939533
b3788,10.90662115,10.9849877167,10.87544749
b2497,10.2605416777,10.1049609797,9.5195732913
b2204,7.4172703273,9.259501368,8.8989166973
b3967,11.6165379367,11.8377092967,11.8673136567
b3116,7.620185893,7.785059924,7.3295141933
b4054,11.8033282633,11.84952028,11.7726977633
b1992,10.9735481267,10.9633683933,10.9618948
b3132,6.7649993287,8.5373629983,7.3206470103
b0403,10.0864052217,10.2575291133,10.1281111697
b0963,11.2756675567,10.702535137,10.8616796233
b3560,11.6545964633,11.56627855,11.3472382833
b4240,8.4146871993,9.3764321553,9.5241095843
b1651,11.6559965733,11.0716474433,11.1277220033
b1226,7.2461268423,8.485165879,7.8208606417
b2964,8.297743176,8.2401453717,8.1539648943
b0063,7.0780539683,9.2621187393,8.2739984557
b0114,12.92625135,12.9718603233,13.77728747
b3607,11.16208102,10.9856439733,10.8607291233
b0904,9.6986554207,9.390270358,9.42769172
b2053,6.5448560093,7.6564985763,7.6748003833
b0655,11.78034406,11.57978868,11.4637193133
b1244,9.8605603893,9.5066980443,9.4213783347
b2518,12.04912265,11.9328510867,11.2145820053
b0151,8.8842134143,9.6491481603,9.2423796607
b0751,9.364537279,9.2455223777,9.1931342437
b2702,2.8138465477,2.68582755,3.1348564387
b0026,11.2041721867,11.3062688733,11.1376448133
b3739,11.7724513533,11.49954154,11.6888514033
b2287,11.5191833533,11.693794,11.34278981
b1192,9.3041971003,9.301695236,9.3476834603
b1768,10.9319173533,10.6481525567,10.84976178
b4123,8.3914993857,9.808081829,9.375159208
b3617,6.069492645,5.7741891823,5.9167299503
b0200,12.3918694667,12.04835527,11.9407788433
b1033,10.1715958353,10.1122617067,9.891366036
b0166,11.2061386067,10.7929599633,10.8435950767
b2838,11.03715618,11.05143415,10.59053652
b4311,7.753361306,9.5809665397,8.2766361533
b2254,11.9797332033,12.5300095,12.1257703167
b3572,12.2945049633,12.3180601567,12.3665968733
b3370,7.8784489663,10.2817577287,8.8628906863
b0221,9.564946203,9.6231152193,9.4944968943
b2131,10.42002237,9.5164397473,10.038649215
b2148,9.2894011433,9.7849688237,9.175289657
b0339,7.1299236923,9.1308070467,8.425757468
b3126,7.7148604373,8.78219356,8.5404188247
b1812,10.20874139,10.18848362,10.14947183
b3187,12.0276971433,11.8126791433,11.8910464433
b4087,6.976773066,9.0143834293,7.8602732373
b1713,11.9792197433,11.9360014967,11.7428554567
b0754,12.86537062,12.7653892933,12.3760051467
b3428,10.18397098,10.0680532333,10.1082726843
b0677,10.4662368133,10.3653403933,10.2630806767
b0759,10.8566284993,10.348729658,9.7870770923
b2582,10.8072094167,10.6816446433,10.84181955
b1107,9.9348245383,10.1278987,10.13012027
b4208,11.3433515467,11.4542450633,11.36450823
b2240,2.3594809757,2.2259378967,2.30021512
b2987,5.879569638,7.0531102267,6.6135975017
b0574,6.6275419957,7.9388796733,6.9257878463
b2813,2.3594809757,2.2259378967,2.30021512
b0854,9.9047805487,9.244226119,9.128751717
b0142,10.4524751333,10.65499015,10.63291516
b2801,6.6808425697,8.800966464,8.521289243
b0720,10.85980048,11.4642409967,10.42419686
b2907,10.0442913043,10.061794905,10.1242277107
b0678,11.2059826133,10.5051580667,10.412938138
b3367,8.3072033737,9.1435109733,8.7572925257
b1469,9.5844096563,9.999722088,9.7728667823
b1207,11.9129044167,12.1554372733,11.8380206767
b0074,12.6041236967,12.4517257433,12.35546476
b0181,8.7999489837,8.7106232653,8.7419563493
b2206,9.259742461,9.88990481,9.7161475507
b2130,7.822053583,7.5306761903,7.8942960387
b2260,6.6416799127,7.844371293,6.9958344917
b4013,11.70302633,11.5026775133,11.27525161
b3845,9.167698388,9.6585816837,9.4615577137
b4034,11.81147413,11.8301044233,11.3949837467
b0173,10.63079821,10.4697905267,10.4392249967
b2312,12.1709220567,12.3017716967,12.52214683
b4169,9.945464751,10.19521011,10.1441752487
b2476,12.54588379,12.7408410933,12.76511341
b3384,12.3805506367,12.00181046,11.93647847
b3565,8.8980417463,9.2250784067,9.152239123
b4070,8.817790574,9.675625001,9.6146351687
b1590,7.250004051,7.7040368093,7.7364351057
b3634,7.9973019923,8.242490552,8.22187527
b2719,7.5685969853,8.4128500973,8.5250958357
b2425,13.5597487167,13.4614600533,13.20974896
b1092,12.7626274967,12.61995607,12.5488131367
b2871,7.681912395,9.797970443,8.5687120263
b3653,10.345849893,11.02458905,10.8229055047
b2690,7.4457508063,7.376533533,7.4075594017
b4014,12.56957294,12.81260343,11.9523591467
b2789,5.1625942063,8.0196424597,6.6663611663
b2675,6.2404484857,6.8427218503,6.490116773
b3571,2.3594809757,2.2259378967,2.30021512
b4374,7.7280267127,7.6357079797,7.7079622407
b3919,13.2445242667,12.71020578,13.1982263067
b0116,13.3399356733,13.7685330067,13.9009331933
b0516,3.1071543727,3.3430869263,3.7302140213
b4233,10.6347597833,10.48254933,10.6458376867
b0049,11.3661187967,11.3508100633,11.6926440467
b2721,8.733847389,10.419090339,9.951319525
b3061,7.266179187,9.544297836,8.2298455577
b0632,11.2111064433,11.18453057,10.9844674733
b0732,7.6605217447,8.1517300017,8.3006019893
b3790,10.3252546,10.3656351033,10.1983693363
b0910,10.6643474433,10.1965500873,9.9421078977
b2028,10.2804580833,10.1925411787,9.9036011793
b1876,12.0831765833,11.9761238133,11.8601548333
b0073,11.2882252563,10.8813325467,10.3549762467
b2153,13.4606977767,13.40684633,13.1829143133
b3893,6.0375088867,6.5088754053,6.3963779683
b4094,7.092282339,8.3645443613,8.196716469
b1519,8.6650299527,8.221494355,8.6862284307
b3028,10.4694153,10.15817418,10.4477943533
b0469,11.1017424,10.695928,10.59004897
b2414,14.4584481467,14.5223518067,14.53603505
b1483,7.0584058097,7.973047089,7.8748357067
b3962,10.73689907,10.8314660933,10.8240383333
b0365,8.4209948817,10.0911479627,8.8896675813
b2465,10.743547338,9.1708552823,10.6498738533
b3770,10.68526333,10.493954236,10.69388838
b2552,6.686537381,7.8573670143,7.9197011723
b0474,13.3944291,13.1722607167,12.73784413
b0351,5.0483625753,6.523888661,6.0127968553
b0150,9.3016924487,9.659520341,9.444121758
b0996,5.317708264,7.4692310857,6.971627817
b2094,14.0020451333,14.2808082733,14.2629873433
b0871,9.315601234,9.0520156433,9.709577404
b2149,10.85295722,11.07123206,10.4798848967
b2114,11.00620109,10.86965702,10.8788253833
b4196,7.9159548007,9.298819191,9.0407048827
b3729,9.170442126,8.803551571,9.1570633787
b0778,8.6859133907,8.1048242817,8.5398369413
b1897,11.7925778733,10.80497617,11.2273632933
b0723,12.96251205,13.7470476333,12.8659351533
b0124,10.6589727733,10.5573242933,10.6863943933
b2678,7.2158632677,7.713785136,7.6636952587
b2020,10.867235612,10.548310253,10.3700517933
b1993,8.7803634207,8.8221496733,8.92849017
b2920,7.6965265203,9.4831040507,9.27718436
b0588,8.181585142,9.883139221,9.14933278
b2662,8.7583420043,8.4782165447,8.6383420277
b3781,13.0388752633,12.6459484567,12.92344582
b2154,10.3010659103,10.24923156,10.4285927
b3846,12.1219150167,12.5046201533,12.13398232
b0261,10.8324742333,11.0015410867,11.2302069467
b3583,6.5313998047,8.6083232247,7.8248182543
b2156,10.6567844123,10.7792985467,10.2599611303
b3835,10.0925980333,10.1582232533,9.9524338263
b2038,10.7409378967,10.27090519,10.0305047093
b2257,8.7687920123,9.4951286297,9.146734102
b1227,6.7431982777,8.487888355,7.586038967
b0604,9.0921699343,8.6709688467,8.870719115
b0451,5.9205058603,6.5909345323,6.4105246133
b4230,3.260962228,3.523138156,4.475785391
b0864,11.6224805067,11.2632554767,11.5302240267
b1101,13.17073661,13.4981451133,12.99390898
b0152,7.7754051487,8.7452519407,8.2294673587
b2222,6.6343500913,8.814904303,7.7535971773
b0037,7.836915955,8.75742669,8.5822749217
b0679,2.5043537697,2.6684768913,2.8217063987
b3052,8.0534266373,8.1571252437,8.067271032
b2095,13.8225403367,14.3457008167,14.1529270533
b3945,2.8179551117,2.827631072,3.5734735547
b2400,12.4335845867,12.2977805933,12.0775931367
b4129,10.50614351,10.4534027933,10.5242782067
b1442,6.883623235,7.277997796,7.255482103
b3454,9.675843161,9.514829398,9.361682298
b2423,12.1754634533,12.1145779133,11.8288484767
b1851,9.1554731883,9.3862230363,9.7704252657
b0171,11.78570507,11.7716474567,11.8822485567
b0642,11.9845823633,11.8561713467,11.7957562967
b2232,11.7114083767,11.6618512667,11.8380851767
b0863,9.788553926,9.4175327107,9.6330313387
b0839,10.2597706507,9.8249250903,10.3486908667
b1487,8.4460428517,9.2504174977,9.0391236787
b1208,10.4931728657,10.43751987,10.41166644
b1818,12.07936517,12.6553361833,12.39211561
b0830,10.4888204083,10.477238669,10.378140178
b0333,9.2278115733,10.4403506343,10.1999756017
b3366,5.16400608,6.4118572317,6.388875574
b0047,9.0664155507,9.4913332207,9.819287515
b4160,11.9213961833,11.8229512167,12.0236677033
b0369,11.6730980733,11.6378592167,12.05627604
b3793,9.3336802873,9.8339819123,9.8884202837
b0805,6.1786710763,6.719413543,7.049443165
b3951,7.0896112167,8.98275243,7.845301501
b2066,9.3760672983,9.0682856657,9.198919682
b0186,7.665040502,7.4005929793,8.1201727543
b4383,11.7528620567,11.4984690667,11.60406089
b0314,8.3957881517,8.7886357213,8.7029188177
b1277,10.229778675,9.9348880197,10.046818788
b0477,11.3118319933,11.41602794,11.2923354
b3709,4.7206737317,6.873577383,5.585095346
b3127,6.715608133,9.0626550183,7.885295406
b3946,8.5107910583,9.5678197447,9.2748916787
b3564,8.744897003,8.990428096,8.9110747657
b4287,8.8303631783,9.575410706,9.7024009663
b1398,8.520224867,9.293274909,8.867369364
b3908,12.70130472,12.6155451433,12.5497939933
b3752,11.66614365,11.7682889967,11.5158184967
b0650,7.2148587683,8.679859404,8.2852934773
b0512,7.007597912,9.2900845493,8.1971956427
b4071,7.506832329,9.057533608,8.38431052
b0765,6.570828238,6.9348882997,6.7937509623
b0180,12.6923811567,12.2564303567,12.1400313767
b4358,10.408183729,10.89563141,11.00069573
b0312,9.9438858517,10.0198516873,9.6816081583
b0896,7.3848524197,8.7567722083,8.484511002
b0174,11.5968666333,11.2838206167,11.2471521833
b0517,5.4520133613,7.6998985227,7.217136944
b3750,10.7814146033,10.6691609567,10.3232077933
b1524,10.23092023,10.103051109,9.988120418
b0731,6.754297921,7.8458494107,7.867242964
b2277,2.9418545817,2.6339003613,2.5269724487
b3867,10.86523137,10.6978124833,10.7671155
b2366,7.5686628743,8.478564011,8.371559223
b2203,7.411217833,8.7751912797,7.957574671
b2587,13.18414736,13.32867239,12.9277095333
b3994,6.0348004873,7.609767313,7.0328587377
b1636,9.5670700723,9.390036123,9.3518690917
b1225,7.8745088767,9.130645624,8.881493972
b1740,11.5445359733,10.8789366167,11.2591545333
b3500,12.68071446,12.55680148,12.8508505967
b4019,10.86293468,10.71053264,10.64600404
b3389,11.2343209267,11.06427205,11.1336214667
b1852,11.6250345733,11.08005805,11.07722134
b1015,10.3482422503,10.2404281483,10.113501665
b3648,11.8418427667,11.3812981633,11.2718905567
b0386,9.5895592763,9.3186228273,10.014066368
b2065,10.6646681633,10.5662788733,10.50469113
b2023,11.06739399,10.8034114883,10.64695435
b2954,9.5540963063,9.0883730313,9.0925243007
b2128,8.546551751,8.7812230127,9.150922734
b3380,7.569253181,9.1508703647,8.5170758377
b3528,11.1391474833,11.0240283667,10.8141461833
b2925,12.3463542233,12.2525161133,12.4908024
b0207,9.6338636537,9.681615805,9.818778594
b0072,13.6031204633,13.5144206667,13.4010456933
b1654,11.7437116633,10.9798091973,10.954264714
b2480,12.86446836,12.4434711233,12.5478365367
b0154,11.1193716067,11.0292074733,10.9076110467
b3733,13.4877912,13.83106181,15.1858783833
b3748,11.90596113,11.1941689467,10.5790405407
b2253,10.2911018153,10.55188498,10.6441232867
b0613,5.958621559,8.331603078,7.386854057
b4322,8.209570952,8.688976603,8.5349914587
b0590,8.5782399233,9.365224219,8.8182535167
b4077,9.84828111,10.6588150103,10.1816862433
b2284,10.914088999,10.92121534,10.6287837293
b3639,10.8976401667,10.8453741567,11.0140958633
b0524,9.8749599097,9.918176059,9.8134095527
b0092,11.3200723867,10.89510702,10.9798139033
b4067,6.4493883427,6.8386655673,6.841063781
b4232,9.9369009087,9.8733224223,9.9867125177
b0674,10.7553740067,10.4050791733,10.0783323017
b1484,8.2943630913,9.8146511973,9.233927322
b4085,5.56038111,6.9126643817,6.7590345913
b3628,9.22044504,9.2677281823,9.0494379153
b0733,11.2475854167,11.2986131167,11.4694874667
b2286,12.9536078633,13.1263626967,13.2255932367
b0837,8.9181132887,9.169885634,9.3631856167
b2033,11.0490551733,11.0453670933,10.4832224467
b0616,8.2974656977,10.6026375223,9.1027315147
b3903,7.6430435087,10.3883387647,9.0554617733
b4015,12.81797022,13.5813263533,12.6100326167
b1475,5.1580830183,5.9645292667,6.2697608923
b1466,9.7962682313,10.2626058537,9.7660995883
b3725,12.4974033433,12.6420204967,11.94071329
b1488,5.0854604437,6.2362858137,6.9113717537
b3012,11.5455178933,11.04736102,11.37908991
b1415,10.7348590767,10.8909695167,10.3130881977
b3632,10.034477865,9.8046861603,9.9106843407
b0509,4.7922442647,5.3343460353,5.3238480323
b2578,7.2383797337,9.4046730067,8.393020167
b1479,9.867806206,9.8323714597,9.5475525387
b0621,7.2629912707,8.962331154,8.107915737
b4381,12.1620021733,12.0983451367,11.7314018467
b4006,12.2475775567,12.65619536,12.89084787
b2538,9.2086836727,9.733267384,9.9706917123
b2976,10.5964404233,10.5185630567,10.1962706637
b1440,8.4923216053,7.7785907027,8.2416063193
b0126,12.3788860933,11.6895906467,11.8990837533
b2329,10.4669358383,10.4560875987,10.363938318
b0908,11.0168646533,10.6490875267,10.5261577283
b2045,5.0732861667,6.132932078,6.0929587707
b1215,10.1923664357,9.786102497,9.7962214223
b2435,10.2720393733,10.24394528,10.34592798
b1300,11.23534165,10.3243457583,10.319164742
b0688,10.4035088673,10.040586619,10.262458517
b3256,11.1947408933,10.78211747,10.8393188897
b4394,6.9590517557,7.2440356523,7.2668835507
b3416,10.4165236967,10.3997422233,10.39669472
b0522,11.0857353367,11.30698372,11.28351237
b3779,10.78294719,10.7069945167,10.94925434
b3197,11.72787714,11.3574076467,11.5495993267
b2458,4.627924531,6.2094922203,5.8140213367
b2467,10.57139836,10.5654326633,10.4608841633
b2663,7.477695438,7.7360338217,7.3772064953
b0401,10.97544039,11.04099449,10.8470919533
b0029,10.59410964,10.62076591,10.5951658067
b2464,11.4592804133,10.3111614133,11.44982313
b0110,10.59875064,10.6793433533,10.6813305867
b1779,13.95507029,13.94332464,14.0101489867
b2601,12.3158740267,12.69921836,11.8063333867
b4041,11.07625028,11.0224354733,11.1351873233
b0104,10.831664034,10.56757595,10.6761666467
b4242,8.3131308763,8.593252369,8.357832552
b2392,9.3735615973,9.2281735,9.1487680273
b2557,12.2991491,12.7432421033,12.35270435
b1270,9.546807797,9.687993828,9.9472841847
b1223,7.4106998697,8.394822132,8.4678980843
b1907,8.16866289,8.812742531,8.6520947543
b2167,11.3743064367,11.3741013433,11.2159509033
b4390,9.9018811667,9.5635609607,9.5788082327
b4111,10.75862825,10.396417577,10.6450712567
b0508,6.8892730207,8.77880303,7.8716078437
b2923,10.74457084,10.8981787533,10.7623001333
b3930,9.456583874,9.5729976807,9.5204280323
b2788,8.4243279873,9.9457821253,9.2429674273
b2579,10.8947238267,10.5297518367,10.6626057367
b3736,14.0997814933,14.4094496133,14.1487885667
b3952,6.611242544,7.9834114297,7.300177649
b3993,6.173923848,7.510945093,7.3524063263
b0429,12.5913237667,12.6507411067,12.62893452
b4226,13.9721274533,13.2517116733,13.3159462333
b3591,11.17797419,11.3118348367,11.51326654
b1261,10.9118690437,11.000028513,10.8248650467
b0841,7.019583572,7.155587979,7.1597899247
b3213,11.4380929963,11.1940863633,10.719777069
b1900,6.9544879993,8.8872306803,8.40232592
b0870,11.2843933067,10.97504126,11.0136326833
b2093,12.2254297733,12.60611318,12.02585002
b3189,11.2325438267,11.1254257567,11.0320157233
b3258,8.6512001107,9.694601696,8.900197417
b0096,11.8852350067,11.51940677,11.3832545733
b0622,9.2599988307,9.0074941703,9.2490789
b1250,9.515667835,9.467152564,9.6783359657
b3390,12.4797998733,12.045412,11.9799044633
b3821,11.3918284933,11.3417346133,11.42949984
b1805,7.4920507287,7.4852910793,7.308214876
b3568,7.3196720557,9.043725305,8.3836378067
b1692,6.2173283223,7.673697226,6.7200595453
b3735,11.1102406253,11.6297635967,11.5420171567
b1719,11.7252422667,11.4460535533,11.0317438917
b0241,8.6783473247,9.461284529,8.9321851753
b2499,11.84855369,11.8574619667,11.9685963933
b0353,6.01057142,7.2701995807,7.161841207
b1732,11.7925238333,10.6005086367,11.57148012
b1054,10.87886435,10.9261739467,11.0024659333
b3792,2.947471138,3.428275817,4.4327627947
b1288,12.29513567,12.0533998733,11.92644865
b4245,14.0487691867,14.3737577167,14.56352187
b1761,12.1243725367,12.2626366433,12.19773528
b3789,6.9420100557,7.2951708163,7.32097668
b3831,11.0452751467,10.5188088667,10.63737366
b2239,4.268812983,4.344749739,4.593411356
b4131,7.5188083057,9.7929967967,8.3758082347
b3787,11.9089635233,12.0485431233,11.8762237033
b1709,9.9953472253,9.8052224277,10.23932675
b2810,11.2477330933,11.5759777367,11.53090578
b4120,8.228413809,9.3193477217,8.4722733447
b1301,9.5924795273,9.0028834993,9.004923864
b2234,11.1904783167,11.05995441,10.83768186
b2704,7.593591976,8.029558652,8.369390239
b0007,6.158900225,6.784293001,6.6842279913
b3843,10.5543424033,10.49896963,10.38440081
b3631,11.3676046,11.32292172,11.2570150733
b1773,7.184992549,8.6527089337,8.337071508
b0334,7.183238975,8.2837447047,8.534806495
b3478,7.7633601197,8.142978501,8.40062108
b4192,8.25008055,9.8181585483,8.7272233557
b3281,11.1752655467,11.0383225367,11.0678452333
b1200,10.1902869163,9.9397194173,9.7685376073
b1819,11.3628965533,11.9756352533,11.6290641
b1109,10.74459032,10.2494055177,11.2594900033
b3493,10.0558080303,9.6302600133,9.739599289
b2034,10.6864140667,9.9675640587,9.630940941
b2893,11.4028215033,11.02587595,10.9704647133
b3728,12.5853235333,12.71660224,11.76132448
b0875,8.2252068617,8.6362118367,8.541301545
b1190,9.0241787777,9.3922049973,9.3453768537
b3403,11.56369212,11.8963110433,11.60528253
b0121,12.11739135,12.1370129533,11.8074480433
b3172,13.7772094933,13.9428215867,13.5179519467
b0160,9.6888866323,9.3880067787,9.286756076
b1588,9.909475467,10.5228336447,10.0900720363
b2162,5.0038268757,6.2680718197,5.845018281
b3196,7.4919550377,7.9724243357,7.971454539
b2417,12.6314428633,12.19642734,12.35700178
b2498,12.0229679667,11.67281599,11.46216812
b1326,5.8029381933,5.6857745373,6.0328555697
b2501,10.170336341,9.6966445103,9.9585993903
b3616,10.68186308,10.7207972533,10.6641264667
b2092,14.1476630167,14.7012600733,14.4518630067
b1243,11.6965038567,11.5511130267,11.4192428933
b0414,10.7512226567,10.74762999,10.82850451
b3603,8.104536618,9.0123502867,8.756388217
b0066,7.773036203,7.9744177087,8.111693996
b3623,11.0826372933,10.7548697,10.5682275867
b0822,9.206108833,9.049062303,9.255272918
b4040,9.8939806127,9.8123331417,9.7693127993
b1855,10.3440510457,10.0485274883,10.211369755
b3290,10.0143583197,9.9245570837,9.9789438937
b3966,8.0634881877,8.2490924267,8.571325925
b0347,6.1619440643,7.7386380857,7.5468560927
b2919,5.5036711533,7.950646783,6.9838403237
b0352,9.2396135947,10.25441547,9.6818648543
b3456,11.1571051667,11.52927601,11.01196719
b3654,11.24170767,11.4190366367,11.1604202233
b4227,8.998180569,9.1588069243,9.0729545583
b4153,9.4096058757,9.3899683527,9.5173283063
b3542,11.50657835,11.71981935,11.74978773
b2938,11.5386316633,11.2385557667,11.25542187
b3368,10.0480834247,10.5103356533,10.0984388887
b4119,3.9178840133,4.5580817093,5.128715229
b3588,7.2291195247,7.6920837943,7.4845610213
b0767,8.638119646,7.0736480807,8.4717837443
b1210,10.8308265367,10.260863636,10.5196914813
b2303,11.5659409867,10.8592475953,10.7767196317
b3397,12.0072419467,11.7424152633,11.89182643
b0954,10.4465195477,9.6838586743,9.8511499803
b1441,8.595919657,8.9449075953,8.5576851633
b0237,12.70435869,12.76801056,12.96495122
b2210,10.8363409333,11.80437162,12.1722152667
b3816,10.1984864767,9.982312785,10.38531432
b0857,7.744706128,8.3198824107,8.3939346657
b0131,11.3168694333,11.0576394967,11.3856294633
b0067,8.5624174987,9.883940974,9.4075783413
b2903,11.6498997467,11.7700603967,11.4024320333
b0934,8.387038354,9.2515464423,8.871449557
b0596,9.282798552,10.0109483197,10.063816762
b2296,11.7556618633,11.7557996333,12.3029243667
b2723,6.8837383717,9.4418246387,8.355858726
b3577,5.0632746007,7.8561489583,6.498581795
b0388,11.9191017767,11.7995699867,11.6606055767
b2866,6.879854437,8.2349420253,7.7609027857
b3850,11.7971942933,11.9460757567,11.8896176833
b2540,5.409540541,5.931409685,5.7712640687
b0680,11.4531914333,11.4786360967,11.051148
b2039,12.4899982067,12.3098594533,11.9947104733
b2905,11.7788135433,11.8927104967,11.3666578533
b0974,5.5177302327,6.1350890413,6.132208451
b2441,9.8222906297,10.1492886967,10.2122163157
b1465,3.9881291933,4.67925313,5.649619453
b1613,10.6466627383,9.820609611,10.276287057
b1199,10.83460621,10.6955731733,10.3758746933
b0335,7.95504346,9.2519497363,8.987384916
b2489,6.747020989,8.000213612,7.7490624947
b3608,11.3100914133,11.37369723,11.3144128333
b0273,11.9311603,11.6158514,11.70818045
b3630,10.67713686,10.53799149,10.41436566
b4090,9.2794921967,10.1233182637,9.671993921
b1800,7.789881004,8.9572550863,8.6192023347
b1380,9.5629313297,8.8295068183,9.5928210663
b2904,12.6134720033,12.5059862733,12.08113322
b0653,9.5064164403,9.6092801863,9.4877032203
b0433,8.69409434,9.1077452063,9.0699611327
b2484,4.4628820233,6.2104244847,6.1717921527
b0972,7.922259748,9.11629637,8.709036482
b2836,10.5053381533,10.54547639,10.5731013267
b1095,11.3604347133,10.8482721233,10.5381277347
b3972,10.022359887,9.8294068293,9.8239744137
b1247,9.7319337183,9.4436409213,9.6336972897
b0595,9.5276092293,10.5490206127,10.4282103173
b2764,12.3403622467,12.4284755767,11.91546435
b2926,12.2418058867,11.98135923,12.3768455033
b2278,11.4290285633,11.79405814,11.5652645367
b1185,10.5383302733,10.5441781933,10.3846998467
b2010,8.2076537677,8.0744641013,8.3273672953
b3665,8.038610062,8.7473883633,8.661904983
b4267,8.1640119857,9.630367864,9.3592984963
b0734,11.1444794133,11.0707073133,11.3803564967
b0418,9.791179031,9.9929753917,10.2635730243
b3732,12.61434671,12.9075510267,14.98761573
b0957,14.7171212167,14.9536316933,14.5788263867
b4072,5.4166690933,7.4989292257,6.736709143
b2752,12.0179278933,11.5661667667,11.0375270923
b2780,11.8066868233,11.6415810733,11.4772513033
b2235,8.607797565,8.279390382,8.5313452173
b0112,10.92273201,11.1585609433,10.6833076833
b3916,11.8692295467,11.5443478933,11.6563873867
b2841,8.1424144577,9.3540478077,8.6920253607
b3385,10.691964883,10.4019319397,10.2300035953
b3958,12.0158128267,11.99960994,11.77561553
b0068,6.8095033403,7.639925566,7.823563363
b3992,4.7427832883,6.3767671333,6.4157810667
b2799,8.2080761317,9.2952899773,9.0207802773
b0404,7.2386926807,7.2701161067,7.4064621517
b2281,12.3716421233,12.6805364667,12.5286726233
b2472,9.418195038,9.3978619473,9.3783781013
b3559,11.8398609867,11.8320416133,11.5637795133
b1245,11.2830201733,11.1889671433,10.91975589
b3057,10.4333413833,10.8008002933,10.6744415537
b1246,11.70950019,11.65325846,11.4551385567
b3093,5.5555891493,6.464853508,5.7882551113
b2052,5.3386060747,7.1375180303,6.5437875187
b1236,9.6728915337,8.631950233,8.8195531607
b2262,10.3129318573,9.9016333103,10.1300536453
b0381,10.9564330233,10.99056968,10.98748448
b0887,7.699071323,7.8528632383,8.0838250813
b0109,9.4404939413,9.3492828773,9.5383353067
b3425,10.5989343033,10.38260445,10.4133188333
b1602,11.5793213933,11.9404091633,11.53720582
b0242,10.1251689503,9.609994395,9.7736159927
b0125,11.0301577333,10.7716799633,10.8475121567
b0159,12.01897422,11.8852849567,11.83958019
b0915,8.8960513127,8.8820987827,8.7096894427
b0856,9.6088374327,9.6888292757,9.8033078207
b0652,11.04071876,11.0386665467,10.97652138
b3600,10.5756896967,10.4088520967,10.5706331333
b2223,6.5311525003,8.9026655427,8.45093117
b4231,7.9373950743,8.2128731333,8.4361392393
b0615,6.5094617993,8.7524176577,7.999549912
b3771,11.9520328667,12.16193777,12.0185470233
b2049,7.5784868937,9.1022230377,8.713483379
b0003,13.4817255633,13.68445883,13.3935937967
b1857,9.0400360927,8.7095661423,8.7035871907
b2429,2.3594809757,2.2259378967,2.30021512
b1059,11.4138709167,11.28544135,11.2313809367
b2306,10.1389312967,10.2681484097,9.8702621703
b3679,5.409245668,7.695067671,7.0923464947
b0356,9.013889709,9.0684846883,9.4732506127
b1759,9.1354763713,9.4893935667,9.6609519693
b2283,10.968196289,11.0788758733,10.7576291267
b0529,12.0266183733,11.7493519567,11.7747132233
b3041,10.69221445,10.5177920133,10.61617509
b2481,6.8421342353,8.634630669,8.0178066413
b3629,11.2047296933,10.85695059,10.469969144
b1872,6.2867643043,6.9475598883,6.7396027053
b2279,11.1536772633,11.6489050667,11.2366515667
b3915,10.7735801867,10.5475240567,10.6404962033
b0849,10.3382586473,10.60873762,10.4464832733
b2255,10.963962017,11.41444213,10.74605848
b1991,2.3594809757,2.2259378967,2.30021512
b3457,11.9778654967,12.3687764633,11.75144484
b2835,8.978125031,9.3024315733,9.461670732
b3726,11.5242758733,11.80612786,11.3597593133
b3475,9.1914934927,9.411001743,9.839587987
b3744,11.8933337367,11.7906469767,11.7271026567
b3805,11.64522465,11.6869550567,11.8727796567
b1764,11.23172898,11.3660439767,11.3116236
b0614,6.469008433,8.60320954,8.076788648
b0932,11.80959849,11.7022028867,11.5816034633
b2784,10.8534315833,10.7063745767,10.8376654767
b1014,10.01053591,10.3385589433,10.449886961
b0222,9.592201736,9.2045277853,9.3643428247
b3543,9.013926805,8.79882443,8.722736542
b1302,10.1635320667,9.717568059,9.824678939
b4213,11.12392866,11.4119187233,11.0246665833
b2415,13.39972718,13.2869634733,13.5430378367
b2416,13.39972718,13.2869634733,13.5430378367
b0811,11.5564047067,11.6586706333,11.3860667033
b3430,11.80471741,11.7367026933,11.80793295
b2170,5.4297990823,7.110850763,6.432342496
b3996,11.4137608533,11.2902509533,11.3785806767
b1638,10.0253578617,9.7718275297,9.8973160063
b0828,11.36834849,10.9265922933,10.99155001
b0411,9.8364981607,9.6490227413,9.7162580417
b2957,8.246006354,9.3315911323,8.9369579947
b1592,6.4948692473,7.5082554283,7.3969047903
b1661,11.5357732933,10.3950200763,11.9008978
b0425,11.0807603667,10.95062065,11.21126563
b3029,11.24339272,10.5304277167,10.77555395
b3001,9.7591218943,9.786048889,9.9201946717
b3849,7.742137815,8.1806264083,8.1464656343
b3176,10.67018162,10.49111812,10.1834977053
b2143,10.1684008343,9.816179886,9.8676844253
b0071,12.34548837,11.9791490267,12.3827850133
b2022,9.5848598733,8.960630687,8.748106148
b3691,7.1144967903,9.9332940023,8.4586718427
b4258,11.55571931,11.3263620767,11.4748362067
b2600,12.1162525333,12.47119003,11.8725462133
b2251,4.871741321,5.3878801717,5.9401634783
b0417,8.9723190627,9.0033299103,9.2674456217
b1444,9.1358859713,9.3026478007,9.3672597937
b3909,7.9386468723,10.0820910083,8.948863501
b2388,9.8120681417,9.5693147677,9.915093856
b3974,9.6938379757,9.5743004993,10.0130452927
b1927,10.5825286563,9.526961476,10.2581410027
b2041,11.8867464833,11.4744811967,11.206556859
b3223,6.9492665063,7.2145102957,6.9683777357
b2490,10.1180684347,11.2866706,10.838640765
b1278,9.4068483197,9.3099162153,9.252130326
b4136,9.5909569243,9.8223644653,9.915813734
b1249,9.3173178483,8.8840427267,8.9438030947
b0212,10.1453411263,9.9268113413,9.996848571
b2564,11.82288443,11.7511169,11.6049774033
b3553,10.2132851393,10.0594335027,10.4342132367
b0860,10.0208902857,9.7640846687,9.8036132223
b1714,12.7619973,12.8108316267,12.4062911433
b2297,11.4844022633,11.4088618667,12.1031133467
b3785,10.73254624,10.5972115233,10.4562705833
b3959,12.0138032633,12.05917822,12.0709901333
b1094,14.4545926233,14.1319972967,13.65457016
b2134,7.871531478,7.7005988917,7.7033335583
b0757,10.68942659,10.68075972,10.6625729267
b0584,8.7856915697,10.1500419983,9.597668781
b0583,6.3300770947,8.310292519,7.393327219
b0697,8.2128781707,12.3624865533,8.9343601483
b3791,10.8422057933,10.83272088,11.01177873
b3917,11.63661541,11.81976525,11.39438721
b2285,12.5124095,12.81634579,12.8063692567
b2040,11.4159641833,11.0083527167,10.814089742
b3578,6.5543732183,8.6916206043,7.7435917977
b3610,11.9563270067,11.6602351033,11.44544719
b2485,6.5199935463,7.149562898,7.4138111917
b0810,10.75772919,10.8582626767,10.7485436267
b2310,10.3465585023,10.252758872,10.2465830033
b4237,8.7462036337,9.7611197903,9.4777870417
b3829,13.9261780567,14.1702427167,14.10469712
b2026,11.4447271833,10.9148658533,10.7961503733
b1606,9.0501530003,9.0075888387,9.1120314457
b3458,12.9317855867,12.9225210233,12.04664777
b1124,10.94574673,10.9114100567,10.58053945
b2711,8.7416891283,10.119949853,9.8434646637
b2927,12.41138654,11.9024907833,12.28555379
b4031,9.2197099143,10.3022787363,9.9127742363
b3477,4.1784839897,5.0950406297,6.088270422
b3956,13.3887506533,13.64172288,13.56434309
b2265,9.7987843647,9.880086204,10.0665664133
b3926,8.414468819,8.2679690103,8.342246234
b3415,6.7646551753,7.2561963567,7.7435646767
b3450,10.12970985,10.5165188733,10.3229003823
b2201,7.3233593093,7.677695482,8.2174660823
b0349,8.2418915393,9.633446201,8.8694174213
b0153,5.3544926047,6.0068896623,6.1301340537
b3650,11.4071133567,11.3601025733,11.39028391
b1866,10.841325294,10.85955122,10.5976240737
b3804,10.9870767033,10.9530658167,11.03516209
b3386,11.6201002933,11.56841589,11.3993392
b1136,14.3635105767,14.49971117,14.3550701467
b1865,11.3828146667,11.0831796567,10.96742053
b0038,3.5206343073,4.283317145,4.8263307913
b0726,12.5769881967,12.9051042267,12.7002601267
b3236,13.9962261833,14.3984480333,13.8873173633
b1102,6.4402519693,7.8339218463,8.1040803877
b1676,12.7028806067,12.22692726,12.64470478
b1981,9.448665797,9.368784361,9.1328494423
b3925,9.936724966,10.008741879,10.2556581593
b0895,8.7576152953,9.8228661327,9.0981849757
b3957,11.9011339733,12.00381681,11.7544059133
b3990,7.2370034893,8.501963211,8.4613942367
b1603,14.11965693,14.31920949,13.7496358367
b0651,6.1792700857,6.0450535967,6.1032961587
b0776,4.4593319683,4.303552075,4.8818293857
b3844,10.9700567933,10.82853535,10.9324215133
b2979,9.3854253783,10.0884440467,9.6964076357
b3825,9.972405298,9.929726839,9.9921989093
b3566,8.5100127327,10.306957359,9.4690685907
b1363,7.926244561,7.9411941127,7.8897861233
b0048,9.7217866573,9.5343628883,9.6991099007
b0722,12.14293039,12.7565475767,12.0246028367
b2883,8.6604474183,9.5521534477,9.307952149
b2035,11.1191341333,10.6758310087,10.3450579817
b1521,6.9934284907,9.0252052927,7.8692507793
b2242,5.866471941,6.4456824713,6.5815412647
b2129,5.8039171687,5.646474125,5.889215296
b2988,9.747076263,9.7369044463,9.786250817
b3541,10.8659623633,10.6961966067,10.7520023633
b1704,10.5013691633,10.285110796,10.216282071
b2291,9.4010620033,9.509922247,9.697997735
b4265,7.2535929387,8.9303319053,7.815280164
b0238,10.0808283783,9.8988111623,9.8572929857
b1612,12.01274593,12.12432105,11.6870574833
b3225,5.818822911,7.0455585957,7.003991288
b2797,8.666657147,9.1411386837,8.9614168987
b0040,6.629546384,8.7398589333,8.4069023317
b4290,8.0932128943,9.259998629,9.1460501373
b0025,11.0807140567,11.0098645633,10.76998438
b4197,7.1655801197,8.795163201,8.152470554
b1982,11.0539934933,10.9045758867,10.8447629367
b4407,7.8432140257,8.4198005773,8.3014794477
b2027,10.9302356967,10.7853029533,10.68589449
b1241,12.82708886,12.2658300033,13.2762377533
b0446,8.6211341143,9.0953866567,8.7081073373
b3177,9.5304854293,9.175010446,9.265627028
b4117,7.1788781297,9.1538019533,8.4210289517
b2779,13.3928345033,13.0631563667,13.29473016
b1134,6.9117008727,6.776308549,7.091940285
b1849,11.91448645,12.2570308333,12.1203980067
b2024,11.6453306133,11.5517178967,11.3302787533
b3125,10.0342712833,10.321346843,10.2578236777
b0861,10.3173877213,10.4321146467,10.2837920683
b0657,10.0226252797,9.9591723903,9.8462108987
b3006,10.0314953373,9.923164262,9.5200898913
b3738,13.0011501667,13.12707081,12.7894272633
b0331,5.4218966757,8.2174645203,7.2451956107
b3480,7.5714643177,9.1291078483,9.0901380483
b0886,8.892000247,8.9100688977,9.1466582477
b2463,7.0447315203,6.933267697,6.223048213
b0931,11.3843929167,11.21399633,11.3635805733
b3519,9.2496969333,9.0785276667,9.27140059
b0430,13.1119029833,13.3693440533,13.4243201367
b2486,6.7129372217,7.987969953,7.8083340947
b2539,9.0785881903,9.6533530157,9.9061410053
b0928,12.27703855,12.5607446967,12.3780252
b0348,7.8075290273,9.6514875837,8.7605634847
b2133,10.959316346,10.8137355733,10.8899439567
b0813,6.764762536,7.5000038117,7.0949601947
b2889,8.2655374597,8.770206359,8.4093024993
b1131,12.2694089067,12.3726858267,12.3901743433
b2492,8.122576887,10.011416867,9.1174740793
b2514,11.5857772033,11.2374210367,11.1383822867
b0091,10.182179375,10.0018054563,10.015222837
b0593,7.582119338,9.4080570917,9.1080311243
b1814,10.8274590633,10.66671191,10.7404430133
b3997,10.9075172967,10.7942754167,10.92452962
b0019,8.772931006,8.517536712,8.9226661433
b0088,7.86409363,7.5694876277,7.9359969517
b0721,10.5653613617,10.643674678,10.7036582877
b0383,9.7966073183,10.0238737093,9.6992608507
b0421,12.5876513267,12.51504777,12.5826765033
b1106,9.5924159817,9.6238783133,9.8025864233
b0260,8.7119024857,9.12507328,9.3844368733
b1062,11.74637965,11.7127883,11.7883614333
b3350,8.2860787123,7.992771917,8.177884308
b2827,11.82172478,11.7679507033,11.60612623
b0337,12.35074547,12.4438736733,11.96477122
b1485,9.0122035833,9.9317335253,9.8291363863
b3005,10.8858207367,10.7307910733,10.6258555033
b0084,10.7802979433,10.6372318633,10.7396976433
b3642,7.9491431343,9.0698276247,8.395778333
b4154,9.271783526,9.0221924763,9.3762434493
b2914,11.3727868067,10.9843052967,11.0516903633
b2096,14.0757764333,14.16660379,13.83569375
b2781,10.8109277767,10.75392616,10.5342884433
b2710,5.401729442,6.773367793,6.730070676
b0638,9.67882133,9.7328873447,9.7439244193
b3942,11.6555625233,11.89158494,11.47198558
b1781,10.18118244,9.870545078,10.1654499667
b0123,10.8556295533,10.62191077,10.52081772
b2542,8.926032022,9.799395595,9.80515945
b0729,12.6698217867,13.2882861,12.6377719567
b1386,6.6809597803,8.3018127767,7.942852457
b0507,6.6328947757,7.7875245,7.141507278
b3670,9.939823419,10.0074397167,9.7626697467
b3640,11.7241151167,11.50236084,11.7449073333
b3774,14.2009991433,14.1565394933,14.00493371
b1260,12.4383673067,12.5764518567,12.14440241
b1119,10.3107102403,10.1924746527,10.2695986037
b2533,10.44433893,10.1475243027,10.3199724033
b3803,11.1338078433,11.0395738,11.1002572267
b3627,11.9532184933,11.86851675,11.4874929367
b0978,9.813529229,9.38180762,9.8378187007
b0366,6.7125570407,7.8239238063,7.3426918047
b3137,7.2926341077,9.3545704067,8.2188815007
b2342,9.9586680023,9.9562583323,9.8733852343
b3255,12.3369179767,12.1532472333,11.9989176733
b4388,11.2247870833,11.1139597767,11.1385985233
b3062,6.834673824,7.883497229,7.910891946
b0979,7.0457124977,6.976858476,7.5218159337
b1646,10.61335303,9.8702594243,10.53690459
b3115,9.663490021,10.4766096147,10.221067831
b0480,10.620643632,10.2281385367,10.090801012
b3960,12.24815635,12.5637015,12.49521987
b3526,6.3086974793,6.9943971537,7.492301334
b0575,6.4297892503,7.7112749213,7.6040697317
b3693,7.5473496227,9.6971927377,9.2033738847
b3371,7.7549975457,8.944603959,8.5760735767
b2418,10.68056668,10.3735750067,10.3506795047
b1778,11.59055173,11.04973578,11.324486905
b0692,6.22243617,8.395401034,7.4810849693
b3449,9.407650337,9.4800805587,9.8054585413
b2091,7.368997585,7.8351122833,7.7027643433
b0070,9.534095423,10.118580368,10.011394896
b3731,11.61695138,11.6847780133,11.34370269
b0367,4.4253232963,6.2536631503,5.8276267887
b0929,15.02628794,15.2521073733,14.77823137
b4244,13.0853562633,13.4184296133,13.4324034967
b2679,9.5911652453,9.675536337,9.584324725
b1637,12.1587932733,12.0585678933,11.96407573
b0134,9.7063517707,9.495529629,9.4313333803
b1854,11.87394889,11.65338557,11.78158874
b1096,8.2496500713,8.4377268657,8.6134359407
b3396,9.965214468,10.362400903,10.41788114
b2697,12.8341670167,12.9613487133,12.7854190433
b0591,5.7195581243,7.1133380297,6.940163464
b2500,12.1640961533,12.2368090433,12.16253943
b1123,11.4382574867,11.48290338,11.3035909
b0662,10.15839863,10.028960276,10.47572741
b0031,10.878176321,10.3080032913,10.550168551
b1125,11.1164330033,10.7719287667,10.46211289
b0118,9.8033582633,10.5846009683,9.7081045813
b4195,6.910664291,8.039771759,7.581271229
b3784,10.0807820827,10.0624237527,9.9025191553
b0033,12.4009630233,12.59451802,12.1061384
b2738,7.9545980553,9.6282648587,9.0404551013
b0197,13.9716480167,14.0265278533,13.8468444133
b3625,11.4626424633,11.10529988,10.7188899993
b2311,9.891455955,9.7148541077,9.9490967867
b1492,10.4996641217,7.958195837,10.6813852033
b3580,5.5758683063,6.5302987137,6.510228438
b2316,11.3833849867,11.01655182,11.05133917
b0973,7.0281886023,8.2510557543,7.9557326113
b3612,12.01495743,11.81430633,12.09046543
b1701,3.58724852,3.8498596937,4.1824320227
b3621,11.04424699,10.8760173267,10.91810021
b2942,12.7247578233,12.6499261367,12.92562817
b1656,13.8015933667,14.02698926,13.9286909633
b2221,9.033286078,10.9615641403,9.7092971937
b0594,3.9853127927,5.7814905483,5.4458247343
b3551,10.8151953333,11.0316587967,10.9643720867
b2763,12.00652069,12.1344733267,11.91674067
b2488,7.7731111207,8.2391829497,8.897630254
b2746,11.49994001,11.1559900933,10.9865955533
b2744,9.665231708,9.2747963053,9.3765869007
b1711,9.5430700087,9.6291629443,9.507027938
b4139,11.3259219,10.99666732,10.9132010867
b0103,11.7490667733,11.6229273267,11.84837827
b1216,8.8354037403,8.7260256293,8.7972153627
b1611,9.969311866,9.6839857017,9.529524173
b4161,11.2665808867,11.1127342267,11.0995513533
b2688,12.53696199,12.4567386467,12.2890950867
b0133,9.7899481233,9.1785266223,9.9211915993
b0355,8.3668284123,8.978879875,8.9384840183
b4254,11.24103816,11.1253703633,11.1339140267
b3426,10.5488613367,11.0903176333,10.7510997733
b0523,11.76533048,11.77553803,11.7279232467
b2536,7.217235429,8.0118405197,8.0703395633
b3581,8.947253309,10.3087638633,9.072162604
b0654,6.9484207253,7.273635555,7.044747994
b0592,6.756700863,8.129146595,7.9472220653
b3469,8.8218786997,9.2242919193,9.5743336917
b2150,11.7078709933,11.60116704,11.0789178433
b2502,9.892090728,9.589265168,9.7128178443
b4219,10.2318439673,10.064948775,10.1056851733
b4321,8.2080967917,9.510481814,9.3987808753
b2029,12.63986486,12.53005576,12.0755341433
b3517,11.5451784967,9.091434764,11.74932548
b1767,11.2704939833,11.1278605167,11.4597776833
b1463,6.1705249167,6.4644651373,6.4578070483
b1621,6.0521844747,6.5073801293,6.822630892
b0907,13.0068719867,12.9445173533,12.7490815767
b0914,11.1386006467,11.0628354567,10.7784130233
b4239,6.5507811297,7.888389146,8.2120096453
b1064,12.5902288033,11.9317133867,12.5008626967
b3941,12.59533576,12.5287877333,12.2880689333
b1296,8.687406504,8.803009915,8.6400043487
b2913,13.1558170633,13.0519492333,13.1679286033
b1291,10.9017073567,10.7523745433,10.8248354267
b2868,6.7902006633,8.246047855,8.1098930927
b2308,11.55610834,11.7389642267,11.3550051433
b0918,11.2645519,10.9878322967,11.0134935967
b3437,10.45961069,10.42646996,10.6386561933
b2155,8.559702221,9.679947882,9.5097205213
b2963,9.3330906417,9.1779659897,9.319963587
b0077,10.6978565237,10.5779101533,10.3480601433
b0750,12.57350876,12.5789998067,12.4293264933
b1817,12.8921690233,13.25452269,13.16076421
b0198,11.29723709,11.2411527533,11.1015912267
b1252,9.09183482,8.8844538607,8.8688960657
b1584,11.015208246,10.9476093167,10.7909105767
b3198,11.0574162467,10.73685999,10.8506660933
b2563,10.8362061067,10.5173926433,10.61550933
b0756,11.6731865467,11.3339298333,11.6972356967
b0199,10.3953833943,10.3382897317,10.6543217167
b4024,12.65526022,12.7147069833,12.5314661067
b1723,12.09706425,11.5269579167,12.01229071
b3794,9.2940202637,9.3902375813,9.2436790747
b2309,12.2258428933,12.2431610933,11.8326103033
b3751,11.86307532,11.97229154,11.4770284067
b2800,9.635154937,10.8591453467,10.227451124
b0052,10.8058082467,10.53775207,10.7637941033
b4289,7.0840669743,9.2697475103,9.0413667217
b3128,8.591887197,9.768139754,9.6667413363
b2307,10.4758558563,10.489880214,9.9561669653
b0415,12.3648586967,12.4803592267,12.389045
b1850,11.8979282133,11.95948298,12.1274691467
b1006,8.4350983887,9.20540929,9.2365820813
b1091,11.6236265133,11.3826347767,11.3430858067
b0936,6.1853445663,8.1710129947,6.7902567217
b2796,9.524987516,9.5898505377,9.5741835773
b2132,10.4251760267,10.62368192,10.4239711767
b2483,6.0268977333,8.348863393,7.4102009237
b2215,12.7468497133,12.1260305933,12.7612193733
b3991,6.4654129817,8.8292465193,7.8778861907
b0459,10.0530020833,10.2220834567,10.185564534
b2328,10.149600047,10.1056624137,9.9792347253
b0980,8.8942084733,8.6227668547,9.0265678733
b2103,8.3060742243,9.277511667,9.056855566
b0423,8.2559551727,8.4035176533,8.530877853
b2407,7.0985423363,7.843015716,7.975535457
b2104,6.488581284,8.1485227863,7.467172061
b0893,12.1741891633,12.0385840967,11.97540481
b0432,12.8853465167,13.00183862,13.1528359133
b0179,11.81053952,11.3769705767,11.52291024
b3476,2.7731608123,2.577676575,2.8149906553
b0829,11.59198217,11.6739290133,11.5519030067
b2406,7.1336739857,8.146007791,7.879600428
b0728,13.0322467233,13.75918124,13.31198402
b2264,10.5721413733,10.6426134667,10.68862014
b4266,6.1374406743,7.6190479037,7.214220145
b0420,10.4062331767,10.2244139287,10.3242711033
b1093,12.20410716,11.8430801867,11.74326101
b2802,7.0136030987,8.5465764483,7.6562967143
b3875,4.5157272423,6.4463282203,5.5927825263
b4005,11.8351740033,12.38925635,12.26810997
b0842,8.895081045,9.156294436,9.1747075103
b0696,8.165676664,12.69540536,9.01948602
b1385,7.6509289263,7.82681868,7.6848045943
b3161,9.6268157957,10.5045101027,10.059895372
b1264,10.6316558167,10.523187759,10.2704953837
b2315,10.6408674247,10.4335295533,10.3202625967
b2818,11.4701158867,11.21114064,11.28451336
b3622,11.5051031433,10.98004771,10.868384441
b3902,3.986467933,4.27728798,5.0157165183
b2803,5.315221751,7.5839565543,6.817241212
b2224,5.5454156993,7.4267262727,6.984575356
b0855,9.7660607667,9.6953763033,9.531779584
b1662,11.33399653,10.8825395667,11.2521118633
b3833,12.3515204633,12.41973709,12.19823476
b0724,12.0934008233,12.7228503433,12.2510880667
b3089,11.12969925,11.2728117367,11.59406748
b3633,7.733928083,7.6340298643,8.207743122
b0149,11.0129020933,11.19818837,11.0546449733
b3212,12.4898424767,12.8853697,12.7601312967
b4088,9.7892202,10.5366151577,9.8118329913
